{
  "task_id": 9,
  "task_name": "Parentheses",
  "train_nmax": 20,
  "test_nmax_values": [
    2,
    3,
    4,
    5,
    6,
    7,
    8,
    9,
    10,
    11,
    12,
    13,
    14,
    15,
    16,
    17,
    18,
    19,
    20,
    21,
    22,
    23,
    24,
    25,
    26,
    27,
    28,
    29,
    30,
    31,
    32,
    33,
    34,
    35,
    36,
    37,
    38,
    39,
    40,
    41,
    42,
    43,
    44,
    45,
    46,
    47,
    48,
    49,
    50,
    51,
    52,
    53,
    54,
    55,
    56,
    57,
    58,
    59
  ],
  "training": {
    "best_val_loss": 1.1394619821347671,
    "best_val_acc": 0.29,
    "final_epoch": 27
  },
  "generalization": {
    "2": {
      "loss": 1.1395973330733309,
      "accuracy": 0.25
    },
    "3": {
      "loss": 1.1395973330733309,
      "accuracy": 0.25
    },
    "4": {
      "loss": 1.1395973330733309,
      "accuracy": 0.25
    },
    "5": {
      "loss": 1.1395973330733309,
      "accuracy": 0.25
    },
    "6": {
      "loss": 1.1395973330733309,
      "accuracy": 0.25
    },
    "7": {
      "loss": 1.1395973330733309,
      "accuracy": 0.25
    },
    "8": {
      "loss": 1.1395973330733309,
      "accuracy": 0.25
    },
    "9": {
      "loss": 1.1395973330733309,
      "accuracy": 0.25
    },
    "10": {
      "loss": 1.1395973330733309,
      "accuracy": 0.25
    },
    "11": {
      "loss": 1.1395973330733309,
      "accuracy": 0.25
    },
    "12": {
      "loss": 1.1395973330733309,
      "accuracy": 0.25
    },
    "13": {
      "loss": 1.1395973330733309,
      "accuracy": 0.25
    },
    "14": {
      "loss": 1.1395973330733309,
      "accuracy": 0.25
    },
    "15": {
      "loss": 1.1395973330733309,
      "accuracy": 0.25
    },
    "16": {
      "loss": 1.1395973330733309,
      "accuracy": 0.25
    },
    "17": {
      "loss": 1.1395973330733309,
      "accuracy": 0.25
    },
    "18": {
      "loss": 1.1395973330733309,
      "accuracy": 0.25
    },
    "19": {
      "loss": 1.1395973330733309,
      "accuracy": 0.25
    },
    "20": {
      "loss": 1.1395973330733309,
      "accuracy": 0.25
    },
    "21": {
      "loss": 1.1393217530760396,
      "accuracy": 0.24
    },
    "22": {
      "loss": 1.1468831160698814,
      "accuracy": 0.255
    },
    "23": {
      "loss": 1.1438561654494181,
      "accuracy": 0.24
    },
    "24": {
      "loss": 1.1354191153470148,
      "accuracy": 0.25
    },
    "25": {
      "loss": 1.1404468057302422,
      "accuracy": 0.28
    },
    "26": {
      "loss": 1.1263578030590704,
      "accuracy": 0.265
    },
    "27": {
      "loss": 1.1302372079556904,
      "accuracy": 0.31
    },
    "28": {
      "loss": 1.1233887064109518,
      "accuracy": 0.325
    },
    "29": {
      "loss": 1.1195752370751793,
      "accuracy": 0.335
    },
    "30": {
      "loss": 1.1279911244461853,
      "accuracy": 0.365
    },
    "31": {
      "loss": 1.1165499771063658,
      "accuracy": 0.325
    },
    "32": {
      "loss": 1.1115415007827663,
      "accuracy": 0.28
    },
    "33": {
      "loss": 1.1166275455652144,
      "accuracy": 0.29
    },
    "34": {
      "loss": 1.1387906634357372,
      "accuracy": 0.335
    },
    "35": {
      "loss": 1.1339761854937902,
      "accuracy": 0.325
    },
    "36": {
      "loss": 1.126302164006665,
      "accuracy": 0.3
    },
    "37": {
      "loss": 1.125016056861493,
      "accuracy": 0.315
    },
    "38": {
      "loss": 1.1208125011658616,
      "accuracy": 0.315
    },
    "39": {
      "loss": 1.128437099568498,
      "accuracy": 0.35
    },
    "40": {
      "loss": 1.1224049316843867,
      "accuracy": 0.325
    },
    "41": {
      "loss": 1.1172110229137486,
      "accuracy": 0.295
    },
    "42": {
      "loss": 1.1211452606934398,
      "accuracy": 0.34
    },
    "43": {
      "loss": 1.1269493068497023,
      "accuracy": 0.325
    },
    "44": {
      "loss": 1.1191604505231452,
      "accuracy": 0.32
    },
    "45": {
      "loss": 1.1175102985195324,
      "accuracy": 0.295
    },
    "46": {
      "loss": 1.1236772262159278,
      "accuracy": 0.3
    },
    "47": {
      "loss": 1.1292187028594887,
      "accuracy": 0.315
    },
    "48": {
      "loss": 1.1301046640828367,
      "accuracy": 0.31
    },
    "49": {
      "loss": 1.1278173318334115,
      "accuracy": 0.315
    },
    "50": {
      "loss": 1.1363560453928434,
      "accuracy": 0.31
    },
    "51": {
      "loss": 1.1368149781355372,
      "accuracy": 0.315
    },
    "52": {
      "loss": 1.1354443329605373,
      "accuracy": 0.305
    },
    "53": {
      "loss": 1.1325042591304078,
      "accuracy": 0.275
    },
    "54": {
      "loss": 1.1285388159623835,
      "accuracy": 0.27
    },
    "55": {
      "loss": 1.127924732775511,
      "accuracy": 0.285
    },
    "56": {
      "loss": 1.116976550037628,
      "accuracy": 0.26
    },
    "57": {
      "loss": 1.1383318978557073,
      "accuracy": 0.285
    },
    "58": {
      "loss": 1.1435388783972487,
      "accuracy": 0.305
    },
    "59": {
      "loss": 1.1457332941241507,
      "accuracy": 0.34
    }
  },
  "timestamp": "2025-11-05T01:21:29.775167",
  "seed": 1
}